{"cameraMode":{"drawMode":0,"name":"Shaded","section":"Shading Mode"},"sceneLighting":false,"audioPlay":false,"sceneViewState":{"m_AlwaysRefresh":false,"showFog":true,"showSkybox":false,"showFlares":true,"showImageEffects":true,"showParticleSystems":true,"showVisualEffectGraphs":true,"m_FxEnabled":true},"in2DMode":false,"pivot":{"x":374.3999938964844,"y":4.899999618530273,"z":460.6400146484375},"rotation":{"x":-0.006908543407917023,"y":-0.9732741117477417,"z":0.029507707804441453,"w":-0.22771844267845155},"size":12.12435531616211,"orthographic":false}