{"cameraMode":{"drawMode":0,"name":"Shaded","section":"Shading Mode"},"sceneLighting":true,"audioPlay":false,"sceneViewState":{"m_AlwaysRefresh":false,"showFog":true,"showSkybox":true,"showFlares":true,"showImageEffects":true,"showParticleSystems":true,"showVisualEffectGraphs":true,"m_FxEnabled":true},"in2DMode":false,"pivot":{"x":515.547607421875,"y":58.06437301635742,"z":-103.03091430664063},"rotation":{"x":-0.04360870271921158,"y":0.10028386861085892,"z":-0.004121893085539341,"w":-0.9940923452377319},"size":11.136367797851563,"orthographic":false}