{"cameraMode":{"drawMode":0,"name":"Shaded","section":"Shading Mode"},"sceneLighting":false,"audioPlay":false,"sceneViewState":{"m_AlwaysRefresh":false,"showFog":true,"showSkybox":false,"showFlares":true,"showImageEffects":true,"showParticleSystems":true,"showVisualEffectGraphs":true,"m_FxEnabled":true},"in2DMode":false,"pivot":{"x":441.1224365234375,"y":30.988506317138673,"z":434.71142578125},"rotation":{"x":0.006054488010704517,"y":0.24672023952007295,"z":0.0017381272045895458,"w":-0.9690913558006287},"size":98.39555358886719,"orthographic":false}