{"cameraMode":{"drawMode":0,"name":"Shaded","section":"Shading Mode"},"sceneLighting":true,"audioPlay":false,"sceneViewState":{"m_AlwaysRefresh":false,"showFog":true,"showSkybox":true,"showFlares":true,"showImageEffects":true,"showParticleSystems":true,"showVisualEffectGraphs":true,"m_FxEnabled":true},"in2DMode":false,"pivot":{"x":422.41455078125,"y":-11.820450782775879,"z":276.23724365234377},"rotation":{"x":-0.0029646367765963079,"y":0.9963926076889038,"z":-0.03918832540512085,"w":-0.07544157654047013},"size":108.6942138671875,"orthographic":false}