{"cameraMode":{"drawMode":0,"name":"Shaded","section":"Shading Mode"},"sceneLighting":true,"audioPlay":false,"sceneViewState":{"m_AlwaysRefresh":false,"showFog":true,"showSkybox":true,"showFlares":true,"showImageEffects":true,"showParticleSystems":true,"showVisualEffectGraphs":true,"m_FxEnabled":true},"in2DMode":false,"pivot":{"x":330.3966064453125,"y":-5.653604507446289,"z":251.30592346191407},"rotation":{"x":0.003850898938253522,"y":-0.9676532745361328,"z":0.01481720246374607,"w":0.25189444422721865},"size":108.6942138671875,"orthographic":false}